"BROKEN","EPIC","FAILED","FEATURE","PASSED","SKIPPED","STORY","UNKNOWN"
"0","Shopping","0","Inventory Page","1","0","Display Products List","0"
"0","API","0","Users & Posts API","1","0","POST /posts - Create New Post","0"
"0","Authentication","0","Login Page","1","0","Login with Valid Credentials","0"
"0","API","0","Users & Posts API","1","0","GET /users - List All Users","0"
"0","Shopping","0","Checkout Flow","1","0","Complete Full Checkout Flow","0"
"0","Shopping","0","Cart Page","1","0","Proceed to Checkout from Cart","0"
"0","Shopping","0","Cart Page","1","0","Display Cart with Added Items","0"
"0","Authentication","0","Login Page","1","0","Display Login Page Elements","0"
"0","Shopping","0","Inventory Page","1","0","Add Product to Cart","0"
